document,section,url
2502.15050v1.pdf,content,http://orc.gmu.edu)
2502.15050v1.pdf,content,https://wwwmpa.mpa-garching.mpg.de/SDSS/DR7/
2502.15050v1.pdf,content,https://wise2.ipac.caltech.edu/docs/release/allwise/
2502.15050v1.pdf,annotations,https://wwwmpa.mpa-garching.mpg.de/SDSS/DR7/
2502.15050v1.pdf,annotations,https://wise2.ipac.caltech.edu/docs/release/allwise/
2502.15057v1.pdf,content,http://www.tapir.caltech.edu/
2502.15057v1.pdf,content,http://dendograms.org
2502.15057v1.pdf,annotations,http://dendograms.org
2502.15114v1.pdf,content,https://irsa.ipac.caltech.edu/cgi-bin/bgTools/
2502.15299v1.pdf,content,https://www.sdss4.org/dr16/algorithms/qso_catalog/)
2502.15299v1.pdf,content,https://skyserver.sdss.org/dr16/en/tools/search/sql.aspx)
2502.15299v1.pdf,content,https://skyserver.sdss.org/dr16/en/help/brows
2502.15299v1.pdf,content,https://skyserver.sdss.org/dr16/en/help/browser/browser.aspx?cmd=descr
2502.15554v1.pdf,content,https://dendrograms.readthedocs.io/en/stable/index.html
2502.15554v1.pdf,content,https://hst-docs.stsci.edu/wfc3ihb/chapter-6-uvis-imaging-with-wfc3/6-6-uvis-optical-performance
2502.15554v1.pdf,content,https://docs.scipy.org/doc/scipy/reference/generated/scipy.ndimage.binary_dilation.html
2502.15554v1.pdf,content,https://users.obs.carnegiescience.edu/peng/work/galfit/galfit.html
2502.15554v1.pdf,content,https://linmix.readthedocs.io/en/latest/
2502.15554v1.pdf,annotations,https://hst-docs.stsci.edu/wfc3ihb/chapter-6-uvis-imaging-with-wfc3/6-6-uvis-optical-performance
2502.15554v1.pdf,annotations,https://docs.scipy.org/doc/scipy/reference/generated/scipy.ndimage.binary_dilation.html
2502.15554v1.pdf,annotations,https://users.obs.carnegiescience.edu/peng/work/galfit/galfit.html
2502.15554v1.pdf,annotations,https://linmix.readthedocs.io/en/latest/
2502.15569v1.pdf,content,http://groups.bao.ac.cn/jwst
2502.15569v1.pdf,annotations,http://groups.bao.ac.cn/jwst
2502.15581v1.pdf,content,https://sextractor.readthedocs.io/en/latest/
2502.15581v1.pdf,content,https://sourcextractorplusplus.readthedocs.io/
2502.15581v1.pdf,annotations,https://sextractor.readthedocs.io/en/latest/
2502.15581v1.pdf,annotations,https://sourcextractorplusplus.readthedocs.io/
2502.15638v1.pdf,content,http://www.mpa-garching.mpg.de/SDSS/.
2502.15638v1.pdf,content,http://pythonhosted.org/uncertainties/
2502.15638v1.pdf,annotations,http://www.mpa-garching.mpg.de/SDSS/.
2502.15638v1.pdf,annotations,http://pythonhosted.org/uncertainties/
2502.15640v1.pdf,content,https://dvc.org/
2502.15640v1.pdf,content,http://www.aoc.nrao.edu/~akimball/radiocat_2.0.shtml
2502.15640v1.pdf,content,https://third.ucllnl.org/cgi-bin/gpscutout.
2502.15640v1.pdf,content,https://ned.ipac.caltech.edu/
2502.15640v1.pdf,content,http://202.189.117.101:8999/gpne/dbMainPage.php
2502.15640v1.pdf,content,http://astro.phys.wvu.edu/wise/
2502.15640v1.pdf,content,http://www.mrao.cam.ac.uk/surveys/snrs/
2502.15640v1.pdf,content,http://pacrowther.staff.shef.ac.uk/WRcat/index.php
2502.15640v1.pdf,content,https://docs.scipy.org/doc/scipy/reference/
2502.15640v1.pdf,content,https://docs.astropy.org/en/stable/api/astropy.
2502.15640v1.pdf,content,https://wise2.ipac.caltech.edu/docs/release/
2502.15640v1.pdf,annotations,http://202.189.117.101:8999/gpne/dbMainPage.php
2502.15640v1.pdf,annotations,http://astro.phys.wvu.edu/wise/
2502.15640v1.pdf,annotations,http://www.mrao.cam.ac.uk/surveys/snrs/
2502.15640v1.pdf,annotations,http://pacrowther.staff.shef.ac.uk/WRcat/index.php
2502.15640v1.pdf,annotations,https://docs.scipy.org/doc/scipy/reference/
2502.15640v1.pdf,annotations,https://docs.astropy.org/en/stable/api/astropy.
2502.15640v1.pdf,annotations,https://wise2.ipac.caltech.edu/docs/release/
